Location Code,Location Name En,Indicator Name En,Age Group En,Sex En,Year,Value,Value Low,Value High
AMR,Region of the Americas,"Diabetes treatment coverage (current use of glucose-lowering medication, among those with diabetes)  in adults aged 30+ years (age-standardized estimates) (%)",30+ years,Both sexes,1990,42.47%,38.20%,46.90%
AMR,Region of the Americas,"Diabetes treatment coverage (current use of glucose-lowering medication, among those with diabetes)  in adults aged 30+ years (age-standardized estimates) (%)",30+ years,Both sexes,1995,44.62%,41.00%,48.20%
AMR,Region of the Americas,"Diabetes treatment coverage (current use of glucose-lowering medication, among those with diabetes)  in adults aged 30+ years (age-standardized estimates) (%)",30+ years,Both sexes,2000,46.60%,43.80%,49.50%
AMR,Region of the Americas,"Diabetes treatment coverage (current use of glucose-lowering medication, among those with diabetes)  in adults aged 30+ years (age-standardized estimates) (%)",30+ years,Both sexes,2005,48.75%,46.50%,50.90%
AMR,Region of the Americas,"Diabetes treatment coverage (current use of glucose-lowering medication, among those with diabetes)  in adults aged 30+ years (age-standardized estimates) (%)",30+ years,Both sexes,2010,50.94%,49.00%,52.80%
AMR,Region of the Americas,"Diabetes treatment coverage (current use of glucose-lowering medication, among those with diabetes)  in adults aged 30+ years (age-standardized estimates) (%)",30+ years,Both sexes,2015,53.94%,51.80%,56.00%
AMR,Region of the Americas,"Diabetes treatment coverage (current use of glucose-lowering medication, among those with diabetes)  in adults aged 30+ years (age-standardized estimates) (%)",30+ years,Both sexes,2019,56.28%,53.20%,59.40%
AMR,Region of the Americas,"Diabetes treatment coverage (current use of glucose-lowering medication, among those with diabetes)  in adults aged 30+ years (age-standardized estimates) (%)",30+ years,Both sexes,2020,56.79%,53.20%,60.30%
AMR,Region of the Americas,"Diabetes treatment coverage (current use of glucose-lowering medication, among those with diabetes)  in adults aged 30+ years (age-standardized estimates) (%)",30+ years,Both sexes,2021,57.26%,53.30%,61.20%
AMR,Region of the Americas,"Diabetes treatment coverage (current use of glucose-lowering medication, among those with diabetes)  in adults aged 30+ years (age-standardized estimates) (%)",30+ years,Both sexes,2022,57.71%,53.30%,62.10%
AMR,Region of the Americas,"Diabetes treatment coverage (current use of glucose-lowering medication, among those with diabetes)  in adults aged 30+ years (age-standardized estimates) (%)",30+ years,Female,1990,45.26%,38.90%,51.50%
AMR,Region of the Americas,"Diabetes treatment coverage (current use of glucose-lowering medication, among those with diabetes)  in adults aged 30+ years (age-standardized estimates) (%)",30+ years,Female,1995,47.41%,42.30%,52.70%
AMR,Region of the Americas,"Diabetes treatment coverage (current use of glucose-lowering medication, among those with diabetes)  in adults aged 30+ years (age-standardized estimates) (%)",30+ years,Female,2000,49.23%,45.10%,53.50%
AMR,Region of the Americas,"Diabetes treatment coverage (current use of glucose-lowering medication, among those with diabetes)  in adults aged 30+ years (age-standardized estimates) (%)",30+ years,Female,2005,51.01%,47.70%,54.30%
AMR,Region of the Americas,"Diabetes treatment coverage (current use of glucose-lowering medication, among those with diabetes)  in adults aged 30+ years (age-standardized estimates) (%)",30+ years,Female,2010,52.64%,49.90%,55.40%
AMR,Region of the Americas,"Diabetes treatment coverage (current use of glucose-lowering medication, among those with diabetes)  in adults aged 30+ years (age-standardized estimates) (%)",30+ years,Female,2015,54.88%,51.90%,57.90%
AMR,Region of the Americas,"Diabetes treatment coverage (current use of glucose-lowering medication, among those with diabetes)  in adults aged 30+ years (age-standardized estimates) (%)",30+ years,Female,2019,56.72%,52.20%,61.00%
AMR,Region of the Americas,"Diabetes treatment coverage (current use of glucose-lowering medication, among those with diabetes)  in adults aged 30+ years (age-standardized estimates) (%)",30+ years,Female,2020,57.12%,52.10%,61.90%
AMR,Region of the Americas,"Diabetes treatment coverage (current use of glucose-lowering medication, among those with diabetes)  in adults aged 30+ years (age-standardized estimates) (%)",30+ years,Female,2021,57.49%,51.80%,62.90%
AMR,Region of the Americas,"Diabetes treatment coverage (current use of glucose-lowering medication, among those with diabetes)  in adults aged 30+ years (age-standardized estimates) (%)",30+ years,Female,2022,57.83%,51.50%,63.90%
AMR,Region of the Americas,"Diabetes treatment coverage (current use of glucose-lowering medication, among those with diabetes)  in adults aged 30+ years (age-standardized estimates) (%)",30+ years,Male,1990,39.33%,33.60%,45.60%
AMR,Region of the Americas,"Diabetes treatment coverage (current use of glucose-lowering medication, among those with diabetes)  in adults aged 30+ years (age-standardized estimates) (%)",30+ years,Male,1995,41.60%,36.60%,46.60%
AMR,Region of the Americas,"Diabetes treatment coverage (current use of glucose-lowering medication, among those with diabetes)  in adults aged 30+ years (age-standardized estimates) (%)",30+ years,Male,2000,43.88%,40.00%,47.80%
AMR,Region of the Americas,"Diabetes treatment coverage (current use of glucose-lowering medication, among those with diabetes)  in adults aged 30+ years (age-standardized estimates) (%)",30+ years,Male,2005,46.48%,43.40%,49.60%
AMR,Region of the Americas,"Diabetes treatment coverage (current use of glucose-lowering medication, among those with diabetes)  in adults aged 30+ years (age-standardized estimates) (%)",30+ years,Male,2010,49.24%,46.60%,51.90%
AMR,Region of the Americas,"Diabetes treatment coverage (current use of glucose-lowering medication, among those with diabetes)  in adults aged 30+ years (age-standardized estimates) (%)",30+ years,Male,2015,53.02%,50.00%,56.00%
AMR,Region of the Americas,"Diabetes treatment coverage (current use of glucose-lowering medication, among those with diabetes)  in adults aged 30+ years (age-standardized estimates) (%)",30+ years,Male,2019,55.89%,51.20%,60.30%
AMR,Region of the Americas,"Diabetes treatment coverage (current use of glucose-lowering medication, among those with diabetes)  in adults aged 30+ years (age-standardized estimates) (%)",30+ years,Male,2020,56.51%,51.20%,61.40%
AMR,Region of the Americas,"Diabetes treatment coverage (current use of glucose-lowering medication, among those with diabetes)  in adults aged 30+ years (age-standardized estimates) (%)",30+ years,Male,2021,57.10%,51.00%,62.70%
AMR,Region of the Americas,"Diabetes treatment coverage (current use of glucose-lowering medication, among those with diabetes)  in adults aged 30+ years (age-standardized estimates) (%)",30+ years,Male,2022,57.65%,50.90%,63.90%
AMR,Region of the Americas,"Diabetes treatment coverage (current use of glucose-lowering medication, among those with diabetes)  in adults aged 30+ years (crude estimates) (%)",30+ years,Both sexes,1990,42.37%,38.10%,46.80%
AMR,Region of the Americas,"Diabetes treatment coverage (current use of glucose-lowering medication, among those with diabetes)  in adults aged 30+ years (crude estimates) (%)",30+ years,Both sexes,1995,44.33%,40.80%,48.00%
AMR,Region of the Americas,"Diabetes treatment coverage (current use of glucose-lowering medication, among those with diabetes)  in adults aged 30+ years (crude estimates) (%)",30+ years,Both sexes,2000,46.25%,43.50%,49.10%
AMR,Region of the Americas,"Diabetes treatment coverage (current use of glucose-lowering medication, among those with diabetes)  in adults aged 30+ years (crude estimates) (%)",30+ years,Both sexes,2005,48.61%,46.30%,50.80%
AMR,Region of the Americas,"Diabetes treatment coverage (current use of glucose-lowering medication, among those with diabetes)  in adults aged 30+ years (crude estimates) (%)",30+ years,Both sexes,2010,51.23%,49.30%,53.10%
AMR,Region of the Americas,"Diabetes treatment coverage (current use of glucose-lowering medication, among those with diabetes)  in adults aged 30+ years (crude estimates) (%)",30+ years,Both sexes,2015,54.77%,52.60%,56.90%
AMR,Region of the Americas,"Diabetes treatment coverage (current use of glucose-lowering medication, among those with diabetes)  in adults aged 30+ years (crude estimates) (%)",30+ years,Both sexes,2019,57.57%,54.40%,60.70%
AMR,Region of the Americas,"Diabetes treatment coverage (current use of glucose-lowering medication, among those with diabetes)  in adults aged 30+ years (crude estimates) (%)",30+ years,Both sexes,2020,58.18%,54.60%,61.70%
AMR,Region of the Americas,"Diabetes treatment coverage (current use of glucose-lowering medication, among those with diabetes)  in adults aged 30+ years (crude estimates) (%)",30+ years,Both sexes,2021,58.76%,54.80%,62.70%
AMR,Region of the Americas,"Diabetes treatment coverage (current use of glucose-lowering medication, among those with diabetes)  in adults aged 30+ years (crude estimates) (%)",30+ years,Both sexes,2022,59.30%,54.90%,63.70%
AMR,Region of the Americas,"Diabetes treatment coverage (current use of glucose-lowering medication, among those with diabetes)  in adults aged 30+ years (crude estimates) (%)",30+ years,Female,1990,45.33%,39.10%,51.60%
AMR,Region of the Americas,"Diabetes treatment coverage (current use of glucose-lowering medication, among those with diabetes)  in adults aged 30+ years (crude estimates) (%)",30+ years,Female,1995,47.35%,42.30%,52.60%
AMR,Region of the Americas,"Diabetes treatment coverage (current use of glucose-lowering medication, among those with diabetes)  in adults aged 30+ years (crude estimates) (%)",30+ years,Female,2000,49.13%,45.10%,53.40%
AMR,Region of the Americas,"Diabetes treatment coverage (current use of glucose-lowering medication, among those with diabetes)  in adults aged 30+ years (crude estimates) (%)",30+ years,Female,2005,51.10%,47.80%,54.40%
AMR,Region of the Americas,"Diabetes treatment coverage (current use of glucose-lowering medication, among those with diabetes)  in adults aged 30+ years (crude estimates) (%)",30+ years,Female,2010,53.14%,50.40%,55.90%
AMR,Region of the Americas,"Diabetes treatment coverage (current use of glucose-lowering medication, among those with diabetes)  in adults aged 30+ years (crude estimates) (%)",30+ years,Female,2015,55.88%,52.80%,58.90%
AMR,Region of the Americas,"Diabetes treatment coverage (current use of glucose-lowering medication, among those with diabetes)  in adults aged 30+ years (crude estimates) (%)",30+ years,Female,2019,58.13%,53.60%,62.50%
AMR,Region of the Americas,"Diabetes treatment coverage (current use of glucose-lowering medication, among those with diabetes)  in adults aged 30+ years (crude estimates) (%)",30+ years,Female,2020,58.62%,53.50%,63.50%
AMR,Region of the Americas,"Diabetes treatment coverage (current use of glucose-lowering medication, among those with diabetes)  in adults aged 30+ years (crude estimates) (%)",30+ years,Female,2021,59.08%,53.40%,64.50%
AMR,Region of the Americas,"Diabetes treatment coverage (current use of glucose-lowering medication, among those with diabetes)  in adults aged 30+ years (crude estimates) (%)",30+ years,Female,2022,59.51%,53.10%,65.60%
AMR,Region of the Americas,"Diabetes treatment coverage (current use of glucose-lowering medication, among those with diabetes)  in adults aged 30+ years (crude estimates) (%)",30+ years,Male,1990,38.93%,33.20%,45.20%
AMR,Region of the Americas,"Diabetes treatment coverage (current use of glucose-lowering medication, among those with diabetes)  in adults aged 30+ years (crude estimates) (%)",30+ years,Male,1995,40.98%,36.10%,46.00%
AMR,Region of the Americas,"Diabetes treatment coverage (current use of glucose-lowering medication, among those with diabetes)  in adults aged 30+ years (crude estimates) (%)",30+ years,Male,2000,43.20%,39.40%,47.10%
AMR,Region of the Americas,"Diabetes treatment coverage (current use of glucose-lowering medication, among those with diabetes)  in adults aged 30+ years (crude estimates) (%)",30+ years,Male,2005,46.02%,42.90%,49.10%
AMR,Region of the Americas,"Diabetes treatment coverage (current use of glucose-lowering medication, among those with diabetes)  in adults aged 30+ years (crude estimates) (%)",30+ years,Male,2010,49.25%,46.60%,51.90%
AMR,Region of the Americas,"Diabetes treatment coverage (current use of glucose-lowering medication, among those with diabetes)  in adults aged 30+ years (crude estimates) (%)",30+ years,Male,2015,53.60%,50.60%,56.60%
AMR,Region of the Americas,"Diabetes treatment coverage (current use of glucose-lowering medication, among those with diabetes)  in adults aged 30+ years (crude estimates) (%)",30+ years,Male,2019,56.97%,52.30%,61.40%
AMR,Region of the Americas,"Diabetes treatment coverage (current use of glucose-lowering medication, among those with diabetes)  in adults aged 30+ years (crude estimates) (%)",30+ years,Male,2020,57.71%,52.40%,62.70%
AMR,Region of the Americas,"Diabetes treatment coverage (current use of glucose-lowering medication, among those with diabetes)  in adults aged 30+ years (crude estimates) (%)",30+ years,Male,2021,58.41%,52.30%,63.90%
AMR,Region of the Americas,"Diabetes treatment coverage (current use of glucose-lowering medication, among those with diabetes)  in adults aged 30+ years (crude estimates) (%)",30+ years,Male,2022,59.07%,52.30%,65.20%
AMR,Region of the Americas,Prevalence of diabetes in adults aged 18+ years (FBG ≥7.0 mmol/L or HbA1c ≥6.5% or currently taking medication for diabetes) (age-standardized estimates),18+ years,Both sexes,1990,7.06%,6.10%,8.10%
AMR,Region of the Americas,Prevalence of diabetes in adults aged 18+ years (FBG ≥7.0 mmol/L or HbA1c ≥6.5% or currently taking medication for diabetes) (age-standardized estimates),18+ years,Both sexes,1995,7.83%,7.00%,8.70%
AMR,Region of the Americas,Prevalence of diabetes in adults aged 18+ years (FBG ≥7.0 mmol/L or HbA1c ≥6.5% or currently taking medication for diabetes) (age-standardized estimates),18+ years,Both sexes,2000,8.51%,7.80%,9.20%
AMR,Region of the Americas,Prevalence of diabetes in adults aged 18+ years (FBG ≥7.0 mmol/L or HbA1c ≥6.5% or currently taking medication for diabetes) (age-standardized estimates),18+ years,Both sexes,2005,9.41%,8.80%,10.00%
AMR,Region of the Americas,Prevalence of diabetes in adults aged 18+ years (FBG ≥7.0 mmol/L or HbA1c ≥6.5% or currently taking medication for diabetes) (age-standardized estimates),18+ years,Both sexes,2010,10.57%,10.00%,11.10%
AMR,Region of the Americas,Prevalence of diabetes in adults aged 18+ years (FBG ≥7.0 mmol/L or HbA1c ≥6.5% or currently taking medication for diabetes) (age-standardized estimates),18+ years,Both sexes,2015,11.53%,10.90%,12.20%
AMR,Region of the Americas,Prevalence of diabetes in adults aged 18+ years (FBG ≥7.0 mmol/L or HbA1c ≥6.5% or currently taking medication for diabetes) (age-standardized estimates),18+ years,Both sexes,2019,12.32%,11.20%,13.50%
AMR,Region of the Americas,Prevalence of diabetes in adults aged 18+ years (FBG ≥7.0 mmol/L or HbA1c ≥6.5% or currently taking medication for diabetes) (age-standardized estimates),18+ years,Both sexes,2020,12.55%,11.30%,13.90%
AMR,Region of the Americas,Prevalence of diabetes in adults aged 18+ years (FBG ≥7.0 mmol/L or HbA1c ≥6.5% or currently taking medication for diabetes) (age-standardized estimates),18+ years,Both sexes,2021,12.80%,11.30%,14.50%
AMR,Region of the Americas,Prevalence of diabetes in adults aged 18+ years (FBG ≥7.0 mmol/L or HbA1c ≥6.5% or currently taking medication for diabetes) (age-standardized estimates),18+ years,Both sexes,2022,13.06%,11.30%,15.00%
AMR,Region of the Americas,Prevalence of diabetes in adults aged 18+ years (FBG ≥7.0 mmol/L or HbA1c ≥6.5% or currently taking medication for diabetes) (age-standardized estimates),18+ years,Female,1990,7.10%,5.70%,8.70%
AMR,Region of the Americas,Prevalence of diabetes in adults aged 18+ years (FBG ≥7.0 mmol/L or HbA1c ≥6.5% or currently taking medication for diabetes) (age-standardized estimates),18+ years,Female,1995,7.77%,6.60%,9.10%
AMR,Region of the Americas,Prevalence of diabetes in adults aged 18+ years (FBG ≥7.0 mmol/L or HbA1c ≥6.5% or currently taking medication for diabetes) (age-standardized estimates),18+ years,Female,2000,8.29%,7.30%,9.30%
AMR,Region of the Americas,Prevalence of diabetes in adults aged 18+ years (FBG ≥7.0 mmol/L or HbA1c ≥6.5% or currently taking medication for diabetes) (age-standardized estimates),18+ years,Female,2005,9.11%,8.30%,9.90%
AMR,Region of the Americas,Prevalence of diabetes in adults aged 18+ years (FBG ≥7.0 mmol/L or HbA1c ≥6.5% or currently taking medication for diabetes) (age-standardized estimates),18+ years,Female,2010,10.27%,9.50%,11.10%
AMR,Region of the Americas,Prevalence of diabetes in adults aged 18+ years (FBG ≥7.0 mmol/L or HbA1c ≥6.5% or currently taking medication for diabetes) (age-standardized estimates),18+ years,Female,2015,11.27%,10.40%,12.10%
AMR,Region of the Americas,Prevalence of diabetes in adults aged 18+ years (FBG ≥7.0 mmol/L or HbA1c ≥6.5% or currently taking medication for diabetes) (age-standardized estimates),18+ years,Female,2019,12.09%,10.60%,13.70%
AMR,Region of the Americas,Prevalence of diabetes in adults aged 18+ years (FBG ≥7.0 mmol/L or HbA1c ≥6.5% or currently taking medication for diabetes) (age-standardized estimates),18+ years,Female,2020,12.33%,10.60%,14.30%
AMR,Region of the Americas,Prevalence of diabetes in adults aged 18+ years (FBG ≥7.0 mmol/L or HbA1c ≥6.5% or currently taking medication for diabetes) (age-standardized estimates),18+ years,Female,2021,12.59%,10.60%,15.00%
AMR,Region of the Americas,Prevalence of diabetes in adults aged 18+ years (FBG ≥7.0 mmol/L or HbA1c ≥6.5% or currently taking medication for diabetes) (age-standardized estimates),18+ years,Female,2022,12.86%,10.50%,15.70%
AMR,Region of the Americas,Prevalence of diabetes in adults aged 18+ years (FBG ≥7.0 mmol/L or HbA1c ≥6.5% or currently taking medication for diabetes) (age-standardized estimates),18+ years,Male,1990,7.00%,5.70%,8.40%
AMR,Region of the Americas,Prevalence of diabetes in adults aged 18+ years (FBG ≥7.0 mmol/L or HbA1c ≥6.5% or currently taking medication for diabetes) (age-standardized estimates),18+ years,Male,1995,7.90%,6.80%,9.10%
AMR,Region of the Americas,Prevalence of diabetes in adults aged 18+ years (FBG ≥7.0 mmol/L or HbA1c ≥6.5% or currently taking medication for diabetes) (age-standardized estimates),18+ years,Male,2000,8.73%,7.70%,9.80%
AMR,Region of the Americas,Prevalence of diabetes in adults aged 18+ years (FBG ≥7.0 mmol/L or HbA1c ≥6.5% or currently taking medication for diabetes) (age-standardized estimates),18+ years,Male,2005,9.74%,8.90%,10.60%
AMR,Region of the Americas,Prevalence of diabetes in adults aged 18+ years (FBG ≥7.0 mmol/L or HbA1c ≥6.5% or currently taking medication for diabetes) (age-standardized estimates),18+ years,Male,2010,10.90%,10.10%,11.70%
AMR,Region of the Americas,Prevalence of diabetes in adults aged 18+ years (FBG ≥7.0 mmol/L or HbA1c ≥6.5% or currently taking medication for diabetes) (age-standardized estimates),18+ years,Male,2015,11.82%,10.90%,12.80%
AMR,Region of the Americas,Prevalence of diabetes in adults aged 18+ years (FBG ≥7.0 mmol/L or HbA1c ≥6.5% or currently taking medication for diabetes) (age-standardized estimates),18+ years,Male,2019,12.56%,11.10%,14.20%
AMR,Region of the Americas,Prevalence of diabetes in adults aged 18+ years (FBG ≥7.0 mmol/L or HbA1c ≥6.5% or currently taking medication for diabetes) (age-standardized estimates),18+ years,Male,2020,12.78%,11.00%,14.70%
AMR,Region of the Americas,Prevalence of diabetes in adults aged 18+ years (FBG ≥7.0 mmol/L or HbA1c ≥6.5% or currently taking medication for diabetes) (age-standardized estimates),18+ years,Male,2021,13.01%,10.90%,15.30%
AMR,Region of the Americas,Prevalence of diabetes in adults aged 18+ years (FBG ≥7.0 mmol/L or HbA1c ≥6.5% or currently taking medication for diabetes) (age-standardized estimates),18+ years,Male,2022,13.27%,10.80%,16.00%
AMR,Region of the Americas,Prevalence of diabetes in adults aged 18+ years (FBG ≥7.0 mmol/L or HbA1c ≥6.5% or currently taking medication for diabetes) (crude estimates),18+ years,Both sexes,1990,6.52%,5.60%,7.50%
AMR,Region of the Americas,Prevalence of diabetes in adults aged 18+ years (FBG ≥7.0 mmol/L or HbA1c ≥6.5% or currently taking medication for diabetes) (crude estimates),18+ years,Both sexes,1995,7.37%,6.60%,8.20%
AMR,Region of the Americas,Prevalence of diabetes in adults aged 18+ years (FBG ≥7.0 mmol/L or HbA1c ≥6.5% or currently taking medication for diabetes) (crude estimates),18+ years,Both sexes,2000,8.19%,7.50%,8.90%
AMR,Region of the Americas,Prevalence of diabetes in adults aged 18+ years (FBG ≥7.0 mmol/L or HbA1c ≥6.5% or currently taking medication for diabetes) (crude estimates),18+ years,Both sexes,2005,9.37%,8.80%,9.90%
AMR,Region of the Americas,Prevalence of diabetes in adults aged 18+ years (FBG ≥7.0 mmol/L or HbA1c ≥6.5% or currently taking medication for diabetes) (crude estimates),18+ years,Both sexes,2010,10.89%,10.30%,11.50%
AMR,Region of the Americas,Prevalence of diabetes in adults aged 18+ years (FBG ≥7.0 mmol/L or HbA1c ≥6.5% or currently taking medication for diabetes) (crude estimates),18+ years,Both sexes,2015,12.31%,11.60%,13.00%
AMR,Region of the Americas,Prevalence of diabetes in adults aged 18+ years (FBG ≥7.0 mmol/L or HbA1c ≥6.5% or currently taking medication for diabetes) (crude estimates),18+ years,Both sexes,2019,13.52%,12.30%,14.80%
AMR,Region of the Americas,Prevalence of diabetes in adults aged 18+ years (FBG ≥7.0 mmol/L or HbA1c ≥6.5% or currently taking medication for diabetes) (crude estimates),18+ years,Both sexes,2020,13.86%,12.50%,15.40%
AMR,Region of the Americas,Prevalence of diabetes in adults aged 18+ years (FBG ≥7.0 mmol/L or HbA1c ≥6.5% or currently taking medication for diabetes) (crude estimates),18+ years,Both sexes,2021,14.22%,12.60%,16.00%
AMR,Region of the Americas,Prevalence of diabetes in adults aged 18+ years (FBG ≥7.0 mmol/L or HbA1c ≥6.5% or currently taking medication for diabetes) (crude estimates),18+ years,Both sexes,2022,14.59%,12.70%,16.70%
AMR,Region of the Americas,Prevalence of diabetes in adults aged 18+ years (FBG ≥7.0 mmol/L or HbA1c ≥6.5% or currently taking medication for diabetes) (crude estimates),18+ years,Female,1990,6.86%,5.50%,8.40%
AMR,Region of the Americas,Prevalence of diabetes in adults aged 18+ years (FBG ≥7.0 mmol/L or HbA1c ≥6.5% or currently taking medication for diabetes) (crude estimates),18+ years,Female,1995,7.61%,6.50%,8.90%
AMR,Region of the Americas,Prevalence of diabetes in adults aged 18+ years (FBG ≥7.0 mmol/L or HbA1c ≥6.5% or currently taking medication for diabetes) (crude estimates),18+ years,Female,2000,8.26%,7.30%,9.30%
AMR,Region of the Americas,Prevalence of diabetes in adults aged 18+ years (FBG ≥7.0 mmol/L or HbA1c ≥6.5% or currently taking medication for diabetes) (crude estimates),18+ years,Female,2005,9.33%,8.50%,10.20%
AMR,Region of the Americas,Prevalence of diabetes in adults aged 18+ years (FBG ≥7.0 mmol/L or HbA1c ≥6.5% or currently taking medication for diabetes) (crude estimates),18+ years,Female,2010,10.85%,10.10%,11.70%
AMR,Region of the Americas,Prevalence of diabetes in adults aged 18+ years (FBG ≥7.0 mmol/L or HbA1c ≥6.5% or currently taking medication for diabetes) (crude estimates),18+ years,Female,2015,12.32%,11.40%,13.30%
AMR,Region of the Americas,Prevalence of diabetes in adults aged 18+ years (FBG ≥7.0 mmol/L or HbA1c ≥6.5% or currently taking medication for diabetes) (crude estimates),18+ years,Female,2019,13.60%,12.00%,15.40%
AMR,Region of the Americas,Prevalence of diabetes in adults aged 18+ years (FBG ≥7.0 mmol/L or HbA1c ≥6.5% or currently taking medication for diabetes) (crude estimates),18+ years,Female,2020,13.96%,12.10%,16.20%
AMR,Region of the Americas,Prevalence of diabetes in adults aged 18+ years (FBG ≥7.0 mmol/L or HbA1c ≥6.5% or currently taking medication for diabetes) (crude estimates),18+ years,Female,2021,14.34%,12.10%,17.00%
AMR,Region of the Americas,Prevalence of diabetes in adults aged 18+ years (FBG ≥7.0 mmol/L or HbA1c ≥6.5% or currently taking medication for diabetes) (crude estimates),18+ years,Female,2022,14.75%,12.10%,17.90%
AMR,Region of the Americas,Prevalence of diabetes in adults aged 18+ years (FBG ≥7.0 mmol/L or HbA1c ≥6.5% or currently taking medication for diabetes) (crude estimates),18+ years,Male,1990,6.16%,5.00%,7.40%
AMR,Region of the Americas,Prevalence of diabetes in adults aged 18+ years (FBG ≥7.0 mmol/L or HbA1c ≥6.5% or currently taking medication for diabetes) (crude estimates),18+ years,Male,1995,7.13%,6.10%,8.30%
AMR,Region of the Americas,Prevalence of diabetes in adults aged 18+ years (FBG ≥7.0 mmol/L or HbA1c ≥6.5% or currently taking medication for diabetes) (crude estimates),18+ years,Male,2000,8.12%,7.20%,9.10%
AMR,Region of the Americas,Prevalence of diabetes in adults aged 18+ years (FBG ≥7.0 mmol/L or HbA1c ≥6.5% or currently taking medication for diabetes) (crude estimates),18+ years,Male,2005,9.41%,8.60%,10.20%
AMR,Region of the Americas,Prevalence of diabetes in adults aged 18+ years (FBG ≥7.0 mmol/L or HbA1c ≥6.5% or currently taking medication for diabetes) (crude estimates),18+ years,Male,2010,10.94%,10.20%,11.80%
AMR,Region of the Americas,Prevalence of diabetes in adults aged 18+ years (FBG ≥7.0 mmol/L or HbA1c ≥6.5% or currently taking medication for diabetes) (crude estimates),18+ years,Male,2015,12.31%,11.30%,13.30%
AMR,Region of the Americas,Prevalence of diabetes in adults aged 18+ years (FBG ≥7.0 mmol/L or HbA1c ≥6.5% or currently taking medication for diabetes) (crude estimates),18+ years,Male,2019,13.45%,11.90%,15.20%
AMR,Region of the Americas,Prevalence of diabetes in adults aged 18+ years (FBG ≥7.0 mmol/L or HbA1c ≥6.5% or currently taking medication for diabetes) (crude estimates),18+ years,Male,2020,13.76%,11.90%,15.80%
AMR,Region of the Americas,Prevalence of diabetes in adults aged 18+ years (FBG ≥7.0 mmol/L or HbA1c ≥6.5% or currently taking medication for diabetes) (crude estimates),18+ years,Male,2021,14.08%,11.80%,16.50%
AMR,Region of the Americas,Prevalence of diabetes in adults aged 18+ years (FBG ≥7.0 mmol/L or HbA1c ≥6.5% or currently taking medication for diabetes) (crude estimates),18+ years,Male,2022,14.43%,11.80%,17.30%
AMR,Region of the Americas,Prevalence of diabetes in adults aged 30+ years (FBG ≥7.0 mmol/L or HbA1c ≥6.5% or currently taking medication for diabetes) (age-standardized estimates),30+ years,Both sexes,1990,9.31%,8.10%,10.60%
AMR,Region of the Americas,Prevalence of diabetes in adults aged 30+ years (FBG ≥7.0 mmol/L or HbA1c ≥6.5% or currently taking medication for diabetes) (age-standardized estimates),30+ years,Both sexes,1995,10.30%,9.30%,11.40%
AMR,Region of the Americas,Prevalence of diabetes in adults aged 30+ years (FBG ≥7.0 mmol/L or HbA1c ≥6.5% or currently taking medication for diabetes) (age-standardized estimates),30+ years,Both sexes,2000,11.15%,10.30%,12.10%
AMR,Region of the Americas,Prevalence of diabetes in adults aged 30+ years (FBG ≥7.0 mmol/L or HbA1c ≥6.5% or currently taking medication for diabetes) (age-standardized estimates),30+ years,Both sexes,2005,12.31%,11.60%,13.00%
AMR,Region of the Americas,Prevalence of diabetes in adults aged 30+ years (FBG ≥7.0 mmol/L or HbA1c ≥6.5% or currently taking medication for diabetes) (age-standardized estimates),30+ years,Both sexes,2010,13.77%,13.10%,14.50%
AMR,Region of the Americas,Prevalence of diabetes in adults aged 30+ years (FBG ≥7.0 mmol/L or HbA1c ≥6.5% or currently taking medication for diabetes) (age-standardized estimates),30+ years,Both sexes,2015,14.97%,14.20%,15.80%
AMR,Region of the Americas,Prevalence of diabetes in adults aged 30+ years (FBG ≥7.0 mmol/L or HbA1c ≥6.5% or currently taking medication for diabetes) (age-standardized estimates),30+ years,Both sexes,2019,15.93%,14.50%,17.40%
AMR,Region of the Americas,Prevalence of diabetes in adults aged 30+ years (FBG ≥7.0 mmol/L or HbA1c ≥6.5% or currently taking medication for diabetes) (age-standardized estimates),30+ years,Both sexes,2020,16.21%,14.60%,18.00%
AMR,Region of the Americas,Prevalence of diabetes in adults aged 30+ years (FBG ≥7.0 mmol/L or HbA1c ≥6.5% or currently taking medication for diabetes) (age-standardized estimates),30+ years,Both sexes,2021,16.50%,14.60%,18.60%
AMR,Region of the Americas,Prevalence of diabetes in adults aged 30+ years (FBG ≥7.0 mmol/L or HbA1c ≥6.5% or currently taking medication for diabetes) (age-standardized estimates),30+ years,Both sexes,2022,16.81%,14.70%,19.30%
AMR,Region of the Americas,Prevalence of diabetes in adults aged 30+ years (FBG ≥7.0 mmol/L or HbA1c ≥6.5% or currently taking medication for diabetes) (age-standardized estimates),30+ years,Female,1990,9.28%,7.50%,11.20%
AMR,Region of the Americas,Prevalence of diabetes in adults aged 30+ years (FBG ≥7.0 mmol/L or HbA1c ≥6.5% or currently taking medication for diabetes) (age-standardized estimates),30+ years,Female,1995,10.15%,8.70%,11.70%
AMR,Region of the Americas,Prevalence of diabetes in adults aged 30+ years (FBG ≥7.0 mmol/L or HbA1c ≥6.5% or currently taking medication for diabetes) (age-standardized estimates),30+ years,Female,2000,10.83%,9.60%,12.10%
AMR,Region of the Americas,Prevalence of diabetes in adults aged 30+ years (FBG ≥7.0 mmol/L or HbA1c ≥6.5% or currently taking medication for diabetes) (age-standardized estimates),30+ years,Female,2005,11.89%,10.90%,12.90%
AMR,Region of the Americas,Prevalence of diabetes in adults aged 30+ years (FBG ≥7.0 mmol/L or HbA1c ≥6.5% or currently taking medication for diabetes) (age-standardized estimates),30+ years,Female,2010,13.37%,12.50%,14.40%
AMR,Region of the Americas,Prevalence of diabetes in adults aged 30+ years (FBG ≥7.0 mmol/L or HbA1c ≥6.5% or currently taking medication for diabetes) (age-standardized estimates),30+ years,Female,2015,14.66%,13.60%,15.80%
AMR,Region of the Americas,Prevalence of diabetes in adults aged 30+ years (FBG ≥7.0 mmol/L or HbA1c ≥6.5% or currently taking medication for diabetes) (age-standardized estimates),30+ years,Female,2019,15.72%,13.90%,17.80%
AMR,Region of the Americas,Prevalence of diabetes in adults aged 30+ years (FBG ≥7.0 mmol/L or HbA1c ≥6.5% or currently taking medication for diabetes) (age-standardized estimates),30+ years,Female,2020,16.03%,13.80%,18.60%
AMR,Region of the Americas,Prevalence of diabetes in adults aged 30+ years (FBG ≥7.0 mmol/L or HbA1c ≥6.5% or currently taking medication for diabetes) (age-standardized estimates),30+ years,Female,2021,16.35%,13.80%,19.40%
AMR,Region of the Americas,Prevalence of diabetes in adults aged 30+ years (FBG ≥7.0 mmol/L or HbA1c ≥6.5% or currently taking medication for diabetes) (age-standardized estimates),30+ years,Female,2022,16.69%,13.70%,20.30%
AMR,Region of the Americas,Prevalence of diabetes in adults aged 30+ years (FBG ≥7.0 mmol/L or HbA1c ≥6.5% or currently taking medication for diabetes) (age-standardized estimates),30+ years,Male,1990,9.31%,7.70%,11.10%
AMR,Region of the Americas,Prevalence of diabetes in adults aged 30+ years (FBG ≥7.0 mmol/L or HbA1c ≥6.5% or currently taking medication for diabetes) (age-standardized estimates),30+ years,Male,1995,10.45%,9.00%,12.00%
AMR,Region of the Americas,Prevalence of diabetes in adults aged 30+ years (FBG ≥7.0 mmol/L or HbA1c ≥6.5% or currently taking medication for diabetes) (age-standardized estimates),30+ years,Male,2000,11.50%,10.20%,12.80%
AMR,Region of the Americas,Prevalence of diabetes in adults aged 30+ years (FBG ≥7.0 mmol/L or HbA1c ≥6.5% or currently taking medication for diabetes) (age-standardized estimates),30+ years,Male,2005,12.77%,11.70%,13.80%
AMR,Region of the Americas,Prevalence of diabetes in adults aged 30+ years (FBG ≥7.0 mmol/L or HbA1c ≥6.5% or currently taking medication for diabetes) (age-standardized estimates),30+ years,Male,2010,14.20%,13.20%,15.20%
AMR,Region of the Americas,Prevalence of diabetes in adults aged 30+ years (FBG ≥7.0 mmol/L or HbA1c ≥6.5% or currently taking medication for diabetes) (age-standardized estimates),30+ years,Male,2015,15.30%,14.10%,16.50%
AMR,Region of the Americas,Prevalence of diabetes in adults aged 30+ years (FBG ≥7.0 mmol/L or HbA1c ≥6.5% or currently taking medication for diabetes) (age-standardized estimates),30+ years,Male,2019,16.16%,14.30%,18.20%
AMR,Region of the Americas,Prevalence of diabetes in adults aged 30+ years (FBG ≥7.0 mmol/L or HbA1c ≥6.5% or currently taking medication for diabetes) (age-standardized estimates),30+ years,Male,2020,16.40%,14.20%,18.90%
AMR,Region of the Americas,Prevalence of diabetes in adults aged 30+ years (FBG ≥7.0 mmol/L or HbA1c ≥6.5% or currently taking medication for diabetes) (age-standardized estimates),30+ years,Male,2021,16.67%,14.00%,19.50%
AMR,Region of the Americas,Prevalence of diabetes in adults aged 30+ years (FBG ≥7.0 mmol/L or HbA1c ≥6.5% or currently taking medication for diabetes) (age-standardized estimates),30+ years,Male,2022,16.94%,13.80%,20.30%
AMR,Region of the Americas,Prevalence of diabetes in adults aged 30+ years (FBG ≥7.0 mmol/L or HbA1c ≥6.5% or currently taking medication for diabetes) (crude estimates),30+ years,Both sexes,1990,9.00%,7.80%,10.30%
AMR,Region of the Americas,Prevalence of diabetes in adults aged 30+ years (FBG ≥7.0 mmol/L or HbA1c ≥6.5% or currently taking medication for diabetes) (crude estimates),30+ years,Both sexes,1995,9.91%,8.90%,11.00%
AMR,Region of the Americas,Prevalence of diabetes in adults aged 30+ years (FBG ≥7.0 mmol/L or HbA1c ≥6.5% or currently taking medication for diabetes) (crude estimates),30+ years,Both sexes,2000,10.87%,10.00%,11.80%
AMR,Region of the Americas,Prevalence of diabetes in adults aged 30+ years (FBG ≥7.0 mmol/L or HbA1c ≥6.5% or currently taking medication for diabetes) (crude estimates),30+ years,Both sexes,2005,12.30%,11.60%,13.00%
AMR,Region of the Americas,Prevalence of diabetes in adults aged 30+ years (FBG ≥7.0 mmol/L or HbA1c ≥6.5% or currently taking medication for diabetes) (crude estimates),30+ years,Both sexes,2010,14.13%,13.40%,14.80%
AMR,Region of the Americas,Prevalence of diabetes in adults aged 30+ years (FBG ≥7.0 mmol/L or HbA1c ≥6.5% or currently taking medication for diabetes) (crude estimates),30+ years,Both sexes,2015,15.71%,14.90%,16.60%
AMR,Region of the Americas,Prevalence of diabetes in adults aged 30+ years (FBG ≥7.0 mmol/L or HbA1c ≥6.5% or currently taking medication for diabetes) (crude estimates),30+ years,Both sexes,2019,17.02%,15.60%,18.50%
AMR,Region of the Americas,Prevalence of diabetes in adults aged 30+ years (FBG ≥7.0 mmol/L or HbA1c ≥6.5% or currently taking medication for diabetes) (crude estimates),30+ years,Both sexes,2020,17.38%,15.70%,19.20%
AMR,Region of the Americas,Prevalence of diabetes in adults aged 30+ years (FBG ≥7.0 mmol/L or HbA1c ≥6.5% or currently taking medication for diabetes) (crude estimates),30+ years,Both sexes,2021,17.74%,15.80%,19.90%
AMR,Region of the Americas,Prevalence of diabetes in adults aged 30+ years (FBG ≥7.0 mmol/L or HbA1c ≥6.5% or currently taking medication for diabetes) (crude estimates),30+ years,Both sexes,2022,18.14%,15.90%,20.70%
AMR,Region of the Americas,Prevalence of diabetes in adults aged 30+ years (FBG ≥7.0 mmol/L or HbA1c ≥6.5% or currently taking medication for diabetes) (crude estimates),30+ years,Female,1990,9.29%,7.50%,11.20%
AMR,Region of the Americas,Prevalence of diabetes in adults aged 30+ years (FBG ≥7.0 mmol/L or HbA1c ≥6.5% or currently taking medication for diabetes) (crude estimates),30+ years,Female,1995,10.06%,8.60%,11.60%
AMR,Region of the Americas,Prevalence of diabetes in adults aged 30+ years (FBG ≥7.0 mmol/L or HbA1c ≥6.5% or currently taking medication for diabetes) (crude estimates),30+ years,Female,2000,10.82%,9.60%,12.10%
AMR,Region of the Americas,Prevalence of diabetes in adults aged 30+ years (FBG ≥7.0 mmol/L or HbA1c ≥6.5% or currently taking medication for diabetes) (crude estimates),30+ years,Female,2005,12.13%,11.10%,13.20%
AMR,Region of the Americas,Prevalence of diabetes in adults aged 30+ years (FBG ≥7.0 mmol/L or HbA1c ≥6.5% or currently taking medication for diabetes) (crude estimates),30+ years,Female,2010,13.96%,13.00%,15.00%
AMR,Region of the Americas,Prevalence of diabetes in adults aged 30+ years (FBG ≥7.0 mmol/L or HbA1c ≥6.5% or currently taking medication for diabetes) (crude estimates),30+ years,Female,2015,15.63%,14.50%,16.80%
AMR,Region of the Americas,Prevalence of diabetes in adults aged 30+ years (FBG ≥7.0 mmol/L or HbA1c ≥6.5% or currently taking medication for diabetes) (crude estimates),30+ years,Female,2019,17.06%,15.10%,19.30%
AMR,Region of the Americas,Prevalence of diabetes in adults aged 30+ years (FBG ≥7.0 mmol/L or HbA1c ≥6.5% or currently taking medication for diabetes) (crude estimates),30+ years,Female,2020,17.45%,15.10%,20.20%
AMR,Region of the Americas,Prevalence of diabetes in adults aged 30+ years (FBG ≥7.0 mmol/L or HbA1c ≥6.5% or currently taking medication for diabetes) (crude estimates),30+ years,Female,2021,17.86%,15.10%,21.10%
AMR,Region of the Americas,Prevalence of diabetes in adults aged 30+ years (FBG ≥7.0 mmol/L or HbA1c ≥6.5% or currently taking medication for diabetes) (crude estimates),30+ years,Female,2022,18.30%,15.10%,22.10%
AMR,Region of the Americas,Prevalence of diabetes in adults aged 30+ years (FBG ≥7.0 mmol/L or HbA1c ≥6.5% or currently taking medication for diabetes) (crude estimates),30+ years,Male,1990,8.70%,7.10%,10.40%
AMR,Region of the Americas,Prevalence of diabetes in adults aged 30+ years (FBG ≥7.0 mmol/L or HbA1c ≥6.5% or currently taking medication for diabetes) (crude estimates),30+ years,Male,1995,9.74%,8.40%,11.20%
AMR,Region of the Americas,Prevalence of diabetes in adults aged 30+ years (FBG ≥7.0 mmol/L or HbA1c ≥6.5% or currently taking medication for diabetes) (crude estimates),30+ years,Male,2000,10.92%,9.70%,12.20%
AMR,Region of the Americas,Prevalence of diabetes in adults aged 30+ years (FBG ≥7.0 mmol/L or HbA1c ≥6.5% or currently taking medication for diabetes) (crude estimates),30+ years,Male,2005,12.48%,11.50%,13.50%
AMR,Region of the Americas,Prevalence of diabetes in adults aged 30+ years (FBG ≥7.0 mmol/L or HbA1c ≥6.5% or currently taking medication for diabetes) (crude estimates),30+ years,Male,2010,14.31%,13.30%,15.40%
AMR,Region of the Americas,Prevalence of diabetes in adults aged 30+ years (FBG ≥7.0 mmol/L or HbA1c ≥6.5% or currently taking medication for diabetes) (crude estimates),30+ years,Male,2015,15.80%,14.60%,17.00%
AMR,Region of the Americas,Prevalence of diabetes in adults aged 30+ years (FBG ≥7.0 mmol/L or HbA1c ≥6.5% or currently taking medication for diabetes) (crude estimates),30+ years,Male,2019,16.98%,15.00%,19.10%
AMR,Region of the Americas,Prevalence of diabetes in adults aged 30+ years (FBG ≥7.0 mmol/L or HbA1c ≥6.5% or currently taking medication for diabetes) (crude estimates),30+ years,Male,2020,17.30%,15.00%,19.90%
AMR,Region of the Americas,Prevalence of diabetes in adults aged 30+ years (FBG ≥7.0 mmol/L or HbA1c ≥6.5% or currently taking medication for diabetes) (crude estimates),30+ years,Male,2021,17.62%,14.80%,20.60%
AMR,Region of the Americas,Prevalence of diabetes in adults aged 30+ years (FBG ≥7.0 mmol/L or HbA1c ≥6.5% or currently taking medication for diabetes) (crude estimates),30+ years,Male,2022,17.96%,14.70%,21.50%